0.314244459499287,0.852752681997879,1,0.188337004047572,0.255327610316171,0.0495684964220629,0.238450455464277,0.0356817286479446,0.20833550135941,0.0607542477632938,0.360376493551989,0.0913074193523195,0.21199570530227,0.0607086200168166,0.311919972693066,0.0156496131280761,0.377636597748685,0.0963063889957856,0.432733322589727,0.047484413864272,0.343449368396966,0.0943566780465299,0.189150796575586,0.159649110494438,0.195471352797827,0.161684767890594,0.179538092449404,0.183771356992372,0.209727650829779,0.234008454234841,0.26098236814022,0.298217107471504,0.285435374902198,0.216368964239314,0.253608763495822,0.248215640426461,0.231425733704317,0.290932009331701,0.361594897213141,0.349047490769843,0.280802425450064,0.303469744230529,0.230084049284318,0.288755058917781,0.31172052421289,0.305317024803304,0.302809195387312,0.328724369189992,0.258720369756135,0.382253802540105,0.527449951030639,0.273479764517211,0.242562031143279,0.270768325292561,0.271395967642785,0.05,0.7,0.1,0.433550433285265,0.23651443427648,0.297154157193309,0.182154720359549,0.25935007043372,0.246418357520085,0.224051309930387,0.299230415309768,0.0894294726844152,0.339229105516739
0.189119978644729,0.985850065485256,0.999496847243153,0.299432874041997,0.0646419246918865,0.275031787154866,0.0100003584466875,0.251741652573523,0.0243925387410335,0.179479478023909,0.334936858696077,0.0484712524061774,0.176516143253366,0.282361023776235,0.01,0.161885229062179,0.45911008928258,0.0985091906721936,0.356066953692165,0.060426563905578,0.406913571133889,0.0142010164691134,0.242882111467404,0.163820996468391,0.191563185630881,0.163742175818296,0.178080345607628,0.184003492337408,0.208777740268079,0.232519270228608,0.259729137280077,0.295086233052774,0.282457382983899,0.214610317844409,0.250234561855862,0.245989446557307,0.22960943929427,0.287814475865287,0.35821790898309,0.347803999312952,0.28098476255448,0.301940620806017,0.230864875114056,0.287079763534338,0.31093831154663,0.305195934735077,0.301948924813496,0.327383052032533,0.258933608885765,0.378253888737695,0.522714431529382,0.276794889798895,0.240963529666381,0.270102144921933,0.281115795586377,0.0599422625782294,0.795552971829069,0.189567241745122,0.202343941847288,0.52491885103772,0.0118657325222548,0.396829732909082,0.203180301399582,0.179956849980346,0.312357306149642,0.232876770732554,0.131063524993702,0.340488458976888
0.400439006978001,0.921983902603924,0.993986749230338,0.0120093243335309,0.324127804816755,0.0634051448025804,0.183415411571,0.0953619641720931,0.199209491036886,0.01,0.38701400786753,0.145328209519495,0.119986977102957,0.17594346042339,0.213481427410674,0.0689514158375103,0.366173189176652,0.0953121991554674,0.432366617302429,0.0292661110336256,0.376808813964403,0.0637507739526869,0.207505891910387,0.165246305100194,0.190159074349012,0.164072814871303,0.177118333105902,0.18350190811718,0.207708341942904,0.230631723506471,0.258023314646756,0.291603853657864,0.279076300914959,0.212757840467524,0.24636199396279,0.243507852412953,0.227077051482542,0.284718998567934,0.354165007769446,0.346510619336019,0.280611372726124,0.300320095285655,0.231407779939508,0.285222772870676,0.309920785202632,0.304747617285935,0.301057163597429,0.325739877400862,0.258983132624601,0.374104508348074,0.517656709333058,0.279700190114567,0.239454689246359,0.269249151768171,0.194338200263712,0.347673568960892,0.472300373879077,0.365573474200963,0.138901497105998,0.344726791763989,0.302948516039032,0.208192930580469,0.272782123747117,0.1387009506686,0.38100200469196,0.132158961901827,0.243099707684285,0.196003337812024
0.836026350310015,0.463334514818837,0.982742051493014,0.0597802519657173,0.328511026443272,0.01,0.265067132314492,0.01,0.250481906710763,0.01,0.406848374523219,0.0241022229832124,0.252822247732809,0.122114548308424,0.17518192980148,0.0456090736155604,0.433833438524939,0.28879268575815,0.0141363605120351,0.48676742473761,0.048959348031226,0.25233069336323,0.108592423105452,0.153912539245556,0.199154417831017,0.159753477349213,0.17923057354562,0.181946806389622,0.20776616521985,0.228824164381661,0.256601713920854,0.288650079620572,0.275992901032094,0.211663526334948,0.242248456065999,0.241535692271883,0.224884108457965,0.281504855956721,0.35050577128953,0.343967675780689,0.281231693858649,0.298500221180384,0.232841369905993,0.282870916279393,0.309351683064643,0.304224063585086,0.300432167358787,0.324230654630139,0.259085218945996,0.370244519105192,0.512825366648264,0.282383318175085,0.238341243748543,0.26838714040907,0.335639262677211,0.0106943043848245,0.779125956479126,0.201358019225044,0.237653289970128,0.399368648596117,0.20196480216512,0.259359804727694,0.210079673788397,0.25037835261843,0.238962499109818,0.27754936765081,0.112839180351105,0.305599560256296
0.362934108460104,0.843447321299154,1,0.194476317148919,0.168418890518968,0.168301632462135,0.112146488285096,0.162460924508243,0.0992354253796996,0.170622028995064,0.203853682395426,0.280412987126457,0.01,0.303011544294796,0.0240621744830165,0.138203806984719,0.314199839899403,0.436515407239032,0.01,0.406826454670037,0.111116351001303,0.223429183254015,0.126873032795104,0.150222772102707,0.198979606489683,0.159673757092911,0.178358776710134,0.181220891739215,0.20657937306408,0.226818550728592,0.255148773847729,0.284908117958517,0.272602573559534,0.208489216365252,0.239293599181242,0.238031454685299,0.222492121325067,0.277821248557943,0.346176394973938,0.342736343698567,0.280089662540338,0.296948924601578,0.232131460910571,0.281905448691093,0.30767735017129,0.303972458394081,0.299201356120222,0.322661729126123,0.258803015805007,0.366249102429333,0.50760302271553,0.284562512121696,0.237280248319885,0.267358819294766,0.268412861400232,0.0150895004463773,0.779285030375168,0.313888399281805,0.187284672187248,0.48978924624428,0.0817924146406748,0.220818765589604,0.4323465942536,0.0100000006004481,0.478379205024857,0.0198175572457896,0.37682216062533,0.0173773579200384
0.92230543138371,0.508241829402818,0.866980087954756,0.0888188744733122,0.30503229273933,0.01,0.258779167119247,0.0659097430093755,0.121597605089009,0.184909426101281,0.212537728582544,0.268891785052042,0.122225318391548,0.0105258824293951,0.368790728112593,0.0502558305364674,0.12586112453578,0.528138880218541,0.0628436636819861,0.396403597020615,0.0848729017211791,0.265097799917475,0.0701136903655541,0.166883661122592,0.192888456549963,0.161760338415219,0.176629306340778,0.181195231956395,0.205380406538599,0.225105887677963,0.253815745763864,0.281469156778306,0.269348233360582,0.206384002447722,0.235604535743554,0.235185240390228,0.219805340139329,0.274379298074531,0.341791223114354,0.340745602328255,0.279424222646709,0.295267952767743,0.232449877332435,0.280086899417685,0.306509165148408,0.303346392040196,0.298399742707726,0.320969271953736,0.258666039606559,0.362432856380264,0.502564614863088,0.286734849741371,0.23636172045774,0.266430660647932,0.237415640467642,0.01,1,0.0103128550426714,0.534079762302639,0.057551843228003,0.453435938810409,0.0128046703366098,0.433358416016154,0.0647359919527349,0.458361669589786,0.0590819382277557,0.316602643952343,0.134706471442843
0.526558260674323,0.607977652211258,0.999999997513325,0.306935835537052,0.0621429595178953,0.27189941026083,0.0116428973792325,0.257748267253937,0.0101842566272193,0.224427936946229,0.211372008196982,0.249953539401374,0.108703737737533,0.127351281829273,0.136565488440486,0.0521253246851187,0.348882181829881,0.472450949838233,0.168882891477826,0.0839862977310264,0.440777830663837,0.01,0.214150481524593,0.195888764217258,0.170266154365301,0.173925324486778,0.169598173649507,0.184258164561137,0.20292929577023,0.224304664874361,0.251830999929312,0.27862970898003,0.266050280425748,0.204139207509546,0.232225942690639,0.232179769930113,0.217807718973076,0.270330930061065,0.337722585986229,0.337918869577373,0.279065889580376,0.293451071611118,0.232631345472209,0.278449804427457,0.305300586581062,0.302840010210758,0.297517966274463,0.319461331563399,0.25843112842723,0.358828410565156,0.497693138165422,0.288526101026125,0.235829127973226,0.265442740834832,0.289564533500087,0.0100000203491497,0.900871757341653,0.0100009261922914,0.451292207059434,0.175221664394609,0.402743847748601,0.0753953716847348,0.321605257563777,0.229661046948706,0.225891192710714,0.316834614742013,0.0532216121788352,0.415691750723202
0.491629688895388,0.726935908116185,1,0.134795598004388,0.255776524179396,0.0686584171059336,0.218165775295554,0.0595027052384116,0.183841267527164,0.0932592634624366,0.299804741709485,0.163375923665739,0.111735204969964,0.258105533469938,0.01,0.294895988117691,0.217277548019798,0.177291394553294,0.127423987395515,0.560120794492725,0.01,0.281005097795084,0.0838317453404743,0.156024361075013,0.196780717795087,0.158972484057639,0.176360245092607,0.17920682723574,0.203468512959862,0.221166525246619,0.249929614884355,0.274647240074465,0.262201060358161,0.201316694433109,0.22826497342616,0.228580056100849,0.214855750237909,0.265967238823408,0.332646885854396,0.334683856793716,0.27783298494908,0.291200222273706,0.232312908841578,0.276421412899692,0.303603588057809,0.301851394228052,0.296255295477992,0.317515052242236,0.257843489225159,0.354826168600985,0.492313992524981,0.289894954991505,0.235093754792649,0.264340273002619,0.289313296135124,0.0100000003372559,0.896681494313108,0.01,0.408151076601284,0.266317232255868,0.01,0.617859722729879,0.01,0.332917841451774,0.263271623103405,0.210140208495956,0.171754877790635,0.245889728877105
1,0.192735618387015,0.991162648373613,0.331370642036331,0.0194907504534564,0.304308409843734,0.0100045728455943,0.225001648908918,0.0757145464054429,0.132540717572373,0.329165138796835,0.113073550601713,0.161047159578559,0.20670712561077,0.067819863142488,0.16661459300297,0.0341771734880481,0.699677481398094,0.01,0.373505992427809,0.1748997057918,0.165032745913,0.161494397060248,0.152306694272958,0.197132667133077,0.158611870969989,0.17599129319903,0.178500384823828,0.202753039176975,0.219422599600765,0.248417946215132,0.271442859671915,0.258922416388835,0.199129470356302,0.224614382372548,0.225458402208518,0.212180818513473,0.261980871690062,0.327972568761692,0.331549461368623,0.276876604051317,0.289204334313307,0.232089509592295,0.274740580464037,0.30216953030784,0.301156572813391,0.295271315259044,0.315982422834784,0.257409211536631,0.351405644829399,0.487612618509221,0.291364009712129,0.234779413319975,0.263512219348779,0.279213270637872,0.01,0.882020641652595,0.01,0.437650531222188,0.236361404984724,0.323561639369402,0.107210108353656,0.419189988065955,0.019792935915901,0.464142667420091,0.0765960158792351,0.28733588129692,0.183600039245375
0.93633858486545,0.321123212562834,0.999287686280647,0.12437121637383,0.264140159805058,0.0720814491189323,0.205341599135185,0.0691532080648238,0.184323385261268,0.0333969851910905,0.432813424963027,0.0382024839977854,0.217968141776264,0.176597789264616,0.050104769319061,0.01,0.509700368012122,0.425788423841989,0.0770280953153641,0.302388721506923,0.173363937909188,0.242258094494506,0.0577505411798414,0.178238562037533,0.187208655066979,0.162868857501354,0.173249522366642,0.179325383863515,0.201307857442647,0.218102815591802,0.246810077881721,0.268455197774419,0.255697218896238,0.196831412685787,0.221147529656135,0.222244868872612,0.209466481434563,0.257963500076346,0.323192864021495,0.32836652440342,0.275664981122266,0.287189343417074,0.23170452883516,0.273091514627417,0.300697499856139,0.300385405000222,0.294363476023757,0.314507030480833,0.256987525811267,0.348111096528055,0.48317581108334,0.295913841995459,0.235966996246773,0.209088821287466,0.35655428487386,0.0349885728996497,0.770189572335513,0.01,0.369848116522246,0.47381545405711,0.0307784176752186,0.39733195102777,0.116141903115556,0.249109979063596,0.327145836531251,0.204578953410513,0.15886140581067,0.329013465863025
0.75903335552846,0.497083618277113,0.981967508188788,0.155008998278673,0.195068751230056,0.170088592917038,0.0875616720747161,0.199430126832377,0.0604184845234838,0.173938797881077,0.26588084072599,0.177922268797193,0.191342912235647,0.0104939534964757,0.350763335233507,0.01,0.120858383052385,0.44949739210061,0.148065833780884,0.446602547844452,0.105847091071313,0.193772754524917,0.158050826774828,0.145882520701736,0.199478858043615,0.157165430359984,0.175489933648898,0.177100217809967,0.200972057759377,0.215934041567532,0.245096511166378,0.265077716011081,0.252205589568403,0.194158335003272,0.217537426380251,0.218678203299953,0.206754153502362,0.253396506476628,0.318087165871787,0.324506773530316,0.274092997966463,0.284820590953942,0.231211946391801,0.271050294428793,0.299024296478777,0.299330873224203,0.293262265972088,0.312906551480194,0.25647654811618,0.344879833659334,0.478865174961563,0.294071320415172,0.234684851164411,0.262155105254585,0.331759934263181,0.01,0.821368019532884,0.01,0.352508799660088,0.48545101248696,0.012083567778988,0.439340709052061,0.090158779847752,0.33034832650927,0.179347855826016,0.34189653652004,0.0356462026063699,0.416340633878139
0.326593773052543,0.957422069030404,1,0.0844291807538417,0.245181912695185,0.140567291768067,0.100307124544795,0.211955352215992,0.0209739849747202,0.231191254657778,0.21746323691949,0.215087611209561,0.0461235246556633,0.305848758218346,0.0411979257042803,0.24671670334095,0.105973594129483,0.4773041164504,0.0132401622906509,0.404748290235437,0.137072009414963,0.189366606500093,0.158042983603769,0.148530586596259,0.19702461074294,0.159035046984561,0.17455291659573,0.177523052835725,0.200270447276726,0.214891376808895,0.24394783741252,0.262551022883391,0.249380497340779,0.192099078733698,0.214460598466526,0.215623727429172,0.204144360256708,0.249579334244327,0.313347171036572,0.321214342964944,0.272693283410928,0.282840103916079,0.23073792854887,0.269505345899634,0.297682160134904,0.298700322133697,0.292531819233588,0.311838657350442,0.256205075727063,0.342183654819806,0.475531701262091,0.296225117010705,0.234779086068212,0.262268284511689,0.290859489066209,0.0100000004593207,0.887461572632512,0.0254900532249253,0.296694187183736,0.495999061499773,0.0769352771992933,0.260648466426159,0.394470132973378,0.01,0.497698577190178,0.0101670171403105,0.356937551782882,0.105228617056616
0.323798515492565,0.99519212294172,0.999667573663842,0.0100000000255232,0.347780726431526,0.010000000019959,0.261117288342617,0.0100000001270427,0.245388467359741,0.0274017995031334,0.371478201417242,0.0838826768788133,0.232134307105374,0.0845893229513583,0.158478366340752,0.01,0.26120598316654,0.583283964289195,0.0100077296458034,0.437390395099025,0.121230222328171,0.197923465920277,0.150208183710603,0.144125289721525,0.202699203480593,0.154890495073205,0.175594544607748,0.175552389961767,0.199320577439134,0.212570395158075,0.241795336073894,0.258880633842428,0.245563391531532,0.189226263273121,0.210564425839901,0.211780708857993,0.201017693834132,0.244646765171816,0.307650165548327,0.31646007259161,0.270476403475197,0.279945438990475,0.22967441826209,0.267176683765424,0.295660736356309,0.297347652364781,0.291168921586385,0.31024668961449,0.255495933092113,0.33921958821743,0.471715062693329,0.297689458643512,0.235181410299335,0.261914314111826,0.126213089108612,0.28074838322047,0.691097703684429,0.01,0.431914050721791,0.305708785590659,0.215434656384894,0.24061279386643,0.245451679084764,0.193751414010585,0.333704212611165,0.182689763321134,0.186039609092564,0.279963188004973
0.3404869565529,0.879700662275064,1,0.177385271206708,0.183057763386033,0.145275512027155,0.154000198194192,0.0973799344898499,0.194815735233551,0.0303559081878679,0.389852795017432,0.0820704726035667,0.226958985442638,0.0372961579420109,0.322395753130894,0.0957793484854829,0.056618377199556,0.413876649514401,0.156278319597859,0.474511229539481,0.01,0.333444700881228,0.0100000013665668,0.174442630114123,0.189375752635059,0.160739554688414,0.171923570991859,0.176704614123317,0.197723785408902,0.211365293377275,0.240032894656746,0.256008835045837,0.242295464019602,0.186926582877097,0.207109934179566,0.208394210825487,0.19809091758989,0.240301714983011,0.302320727699449,0.312377844166638,0.268308296625094,0.277398315183348,0.228664128064736,0.265243481617624,0.29395185103976,0.296343148781872,0.290209894545066,0.309256291660286,0.255166233001408,0.337080053618909,0.469206234930867,0.299934537194773,0.236196023567113,0.262225462724772,0.292486323731858,0.0100000004273906,0.887546563078552,0.010000000000026,0.416312150288071,0.221106673613185,0.394133383302045,0.0759355862009096,0.337699179555094,0.179799357984889,0.286842957632967,0.256876790343959,0.104427899932284,0.370192940158159
0.227195507098924,0.982538539975981,0.988158919033519,0.237049515867765,0.139064606468064,0.173553626470527,0.133720231256689,0.132246402331337,0.113505172925341,0.159744615613057,0.239353460085149,0.231689772166858,0.05509557350261,0.273055745855998,0.025991525080632,0.326469520288994,0.155445261771749,0.177898418546116,0.4243985429608,0.0260348692486924,0.395201010399699,0.0358947926514104,0.24407237283968,0.149882872190059,0.198471255735216,0.157229690765366,0.174035306121306,0.17564315891522,0.197855413713575,0.210110227780204,0.239103145919937,0.253604872873456,0.239579149870536,0.184962897803951,0.204106091807986,0.205366632822404,0.195482841803102,0.236357127178734,0.297367665137443,0.308343195878712,0.266429201853159,0.275091621407881,0.227943633845081,0.263482654531156,0.292641393894773,0.295619536297009,0.289733927745017,0.308834628378043,0.255331018298198,0.335836073582299,0.468152707351164,0.303223404617292,0.23795321659517,0.263271513482531,0.0500049062084063,0.412161575710354,0.672407336965297,0.01,0.411303972944243,0.251848455560637,0.377400650891725,0.0698721169833798,0.313753190149669,0.252375036076976,0.21403630740385,0.290509061952,0.10370351264812,0.287557025956555
0.885948694544574,0.566196124263594,0.829426527831579,0.13392081773224,0.212519318484917,0.160861272089194,0.0883189186458396,0.210778310032778,0.0343497295356976,0.230279036431687,0.176510634409425,0.283831166053661,0.01,0.259515930048137,0.149525704339932,0.01,0.119473066466302,0.73143579251118,0.01,0.435201106675213,0.0555637673575096,0.300676096323109,0.0326532393320927,0.173209680544492,0.189508920545099,0.160448540336599,0.171145414302942,0.175764833902863,0.196002350321226,0.208331071162002,0.236866711253588,0.250187224826059,0.235872227287005,0.181970693354308,0.200550313515034,0.201438028060045,0.191971988011556,0.23167688814373,0.291305209411186,0.303684502424524,0.263308348323124,0.271991917483239,0.226249409215402,0.261225646004174,0.290592856020271,0.294354790589608,0.288620953164738,0.308146185241527,0.255483785773824,0.334398084553851,0.467531025867301,0.306744761901263,0.24024116893065,0.264563233996161,0.278749748960594,0.01,0.899604642252486,0.277798622929968,0.188438943945928,0.300955893079345,0.370788092792768,0.139989836877298,0.308032534722331,0.159898936425277,0.306221478382998,0.241599507147325,0.111398366897036,0.378847387060499
0.74635449907968,0.459820146871594,1,0.193465603814012,0.190226518661745,0.127246221836503,0.158519931717526,0.144083516973585,0.0645155009229806,0.206802394542715,0.260302703083854,0.130718640625355,0.18879163882055,0.145887018778031,0.13030490039246,0.255555937598716,0.01,0.430981272925746,0.308082442618501,0.14993961933798,0.249882046133404,0.178550026745569,0.111876875385267,0.171630633049938,0.189018520261622,0.161006527109795,0.170754867008967,0.175661670085402,0.195377604874602,0.207135056660356,0.235531018090176,0.247647835373842,0.232972582315579,0.179797100604435,0.197486119581789,0.198218115429373,0.189873534388222,0.227001125974065,0.286259560016223,0.2987142587715,0.26112369553764,0.26934745464692,0.225265743487084,0.259372066856753,0.289373600388137,0.29376611620259,0.288535015558146,0.30866745125098,0.256023459074294,0.335010364849847,0.46931593584442,0.312370651488426,0.24400949011538,0.267192496494681,0.189634565627565,0.245795450695063,0.674481092087035,0.0271673649950868,0.413642069757592,0.31593302566883,0.177851513437688,0.311429452312178,0.207455362383108,0.187771122258027,0.343058487053184,0.158325541089799,0.21863640883822,0.215045547150168
0.786340610817818,0.424258869790218,1,0.2063670485156,0.151956111762019,0.196377672449756,0.0750430160829867,0.200109762032024,0.0697176739197344,0.160686503707721,0.269533515722407,0.196272424580393,0.144120199365988,0.0702701886247326,0.317907355196046,0.0348194570976865,0.344561119367727,0.155171095335517,0.324750779270172,0.159794386827659,0.279756178309927,0.1114495534777,0.189074337334107,0.156722248554682,0.194167402519069,0.159251694983478,0.171631868971509,0.174971984248741,0.195020913383978,0.205869297219093,0.234052764507381,0.245182459159161,0.230064655678376,0.177951582639503,0.194244040066953,0.195139770981969,0.187143556998526,0.222816512213465,0.280990906698393,0.293853275029222,0.258718855879492,0.266783327826878,0.224397995628481,0.25760814288219,0.288543872145164,0.293647766710791,0.288974527562658,0.310220911592876,0.257936876860285,0.336899900988271,0.47416488118984,0.320563642397291,0.249685449071637,0.27129217772415,0.255265623312889,0.266436510568215,0.549978815465973,0.213192919671171,0.195607773899336,0.533298814294727,0.0931218145388774,0.311679575294277,0.128748207907265,0.318246132952343,0.237441251176967,0.249700484864953,0.128857307933782,0.289762400686599
0.634805804827727,0.600681079062831,0.958890785031193,0.224834717602518,0.128119238721307,0.21504108605004,0.0669304841657082,0.203455423261013,0.0610339967131907,0.190593423722132,0.216843926536661,0.253307482575567,0.0294862515211532,0.284862046333151,0.0576155391321844,0.207029892837609,0.195942239688073,0.428336583104584,0.0116995061704331,0.419314351493686,0.109687723882039,0.220468117013489,0.122969699295199,0.154458505933397,0.196330383541514,0.157893632947246,0.171612306166447,0.174047036929765,0.194073712173781,0.204140207478831,0.232396000396203,0.242080873770972,0.226791913938154,0.174599361517997,0.191455096237949,0.191221918848667,0.184339456282673,0.218032548097805,0.27530300361946,0.288821398384607,0.255533209221199,0.263913024795501,0.222882153887766,0.256152759516121,0.287891095550666,0.294156976115765,0.290277759039547,0.313385962517881,0.260675181076201,0.34143884080192,0.483101945835046,0.332821392512943,0.258546342114947,0.277450815085592,0.318516855400114,0.0100000493873902,0.906557632515917,0.257117342262772,0.14188455954978,0.541860859196744,0.010004980745447,0.370470738071637,0.214439700358636,0.205573966235623,0.242180328280183,0.318844336711644,0.01,0.513468721159575
1,0.185559769515336,1,0.283790853989905,0.102784456576469,0.222132816552783,0.0654225660315805,0.204098269758127,0.058468545318005,0.190647342993901,0.221997643413971,0.248357136137106,0.0314378668908196,0.288717562434585,0.047007850843401,0.347040703437472,0.0277178762272619,0.398104411672131,0.0568352695361376,0.438721418371876,0.0896316851725503,0.234087604142872,0.114010267475404,0.153776186185126,0.197493879864247,0.156835148762631,0.171460293434542,0.173221080016968,0.193065393207757,0.202517628107437,0.23052948783872,0.239018913560424,0.223618624041116,0.172441581332865,0.187966626507101,0.187887765546765,0.181346253156887,0.21356901118408,0.269723792821747,0.283661373746057,0.252418816986219,0.26155596368945,0.221731735358778,0.255360885445279,0.288866081756727,0.296713849335188,0.294526266868456,0.32132457257255,0.267370440031225,0.352256555296649,0.502784457616434,0.355630678355215,0.275037511725174,0.288384048626173,0.33490774916325,0.0100000460915082,0.906856613129184,0.0648810591170283,0.01,0.731095831660602,0.235554767256968,0.136728006295843,0.307716868008927,0.146630845296363,0.309611822465566,0.187946704610668,0.168351841783047,0.264535592589602
0.932060328410378,0.327882254378358,1,0.161521645180432,0.172416243931713,0.208146657146715,0.0439506869112553,0.237928024118107,0.0336488233413553,0.207550237193296,0.205773445451912,0.255209507818209,0.0403325877328902,0.237975150658394,0.158020155261525,0.0655432409779669,0.382982785938361,0.118418447585535,0.373087849535815,0.116563877939379,0.363633149087842,0.01,0.293552337465638,0.133086770170354,0.206048591015679,0.152445791441915,0.17278432027697,0.171539306406726,0.192147506647327,0.200770501953708,0.228381523294613,0.236160594362105,0.220314914992334,0.169793672193408,0.184603396956866,0.184293654556988,0.178449605906237,0.208619261844049,0.263761354274175,0.278293966861864,0.248979576048712,0.259996970753648,0.220647845298091,0.255276135742216,0.293879545951259,0.303065789472689,0.306273085518859,0.350372838438155,0.286119370337399,0.392447371332074,0.584355271593744,0.469340926376323,0.394441311511592,0.4313658451988,0.482305392220457,0.0795746251280612,0.979362164574344,0.550889379451416,0.413535938741579,0.633746522242701,0.425659612143132,0.26503440589453,0.733947007488007,0.0917523351683528,0.800176170997128,0.205771836673714,0.515010035636147,0.317842493863177
